{"last_tab":"1","opt-header_preloader":"1","opt-custom_primary":{"font-family":"open sans,sans-serif","font-options":"","google":"1"},"opt-custom_secondary":{"font-family":"Poppins,sans-serif","font-options":"","google":"1"},"opt-custom_theme":"#f44336","opt-header_search":"1","opt-header_logo":{"url":"","id":"","height":"","width":"","thumbnail":"","title":"","caption":"","alt":"","description":""},"opt-Breadcrumb_header":"1","opt-background":{"url":"","id":"","height":"","width":"","thumbnail":"","title":"","caption":"","alt":"","description":""},"opt-sidebar_setting":"right","opt-single_Breadcrumb_header":"1","opt-single-background":{"url":"","id":"","height":"","width":"","thumbnail":"","title":"","caption":"","alt":"","description":""},"opt-hide_post_share":"0","opt-hide author_box":"0","opt-hide related posts box":"0","opt-hide comment_box":"0","opt-single_sidebar_setting":"right","opt-archive_Breadcrumb_header":"1","opt-archive-background":{"url":"","id":"","height":"","width":"","thumbnail":"","title":"","caption":"","alt":"","description":""},"opt-archive_sidebar_setting":"right","opt-search_Breadcrumb_header":"1","opt-search-background":{"url":"","id":"","height":"","width":"","thumbnail":"","title":"","caption":"","alt":"","description":""},"opt-search_sidebar_setting":"right","opt-page_Breadcrumb_header":"1","opt-page-background":{"url":"","id":"","height":"","width":"","thumbnail":"","title":"","caption":"","alt":"","description":""},"opt-hide_page_post_share":"0","opt-hide_page_author_box":"0","opt-hide_page_related posts box":"0","opt-hide_page_comment_box":"0","opt-page_sidebar_setting":"right","opt-insta_feed":"1","opt-insta_feed_username":"unsplash","opt-copy_text":"\u00a9 Copyright 2018","redux-backup":"1"}